{
  "ВЕРО 1": [41.984581917739135, 21.468678714750588],
  "ВЕРО 2": [41.9970242, 21.404944],
  "ВЕРО 3": [42.00722068394224, 20.9808119473806],
  "ВЕРО 4": [41.02653729350278, 21.3127056614042],
  "ВЕРО 5": [41.99490477045155, 21.42083791815724],
  "ВЕРО 6": [41.029043670754454, 21.335032045953557],
  "ВЕРО 7": [41.9948447, 21.4343335],
  "ВЕРО 8": [42.014274, 21.445278],
  "ВЕРО 9": [41.99300626106147, 21.44160057765615],
  "ВЕРО 10": [41.98220301665964, 21.440287630642132],
  "ВЕРО 11": [41.99916835680277, 20.958475167804956],
  "ВЕРО 12": [42.0064702, 21.3929443],
  "ВЕРО 13": [41.99003100815978, 21.42994079273417],
  "ВЕРО 14": [42.1329862, 21.7108807],
  "ЏАМБО 1": [41.99285642957414, 21.44196861671171],
  "ЏАМБО 2": [41.027189346484256, 21.312225383325462],
  "ЏАМБО 3": [41.14214200072858, 22.5341511275692538],
  "РАМСТОРE ВАРДАР": [41.9919571, 21.4273591],
  "РАМСТОРE СИТИ МОЛ": [42.0044918, 21.3914441],
  "РАМСТОРE ТАФТАЛИЏЕ": [41.99805531629426, 21.398154550243795],
  "РАМСТОРE КАРПОШ": [41.9983725, 21.3987175],
  "РАМСТОРE ЏЕВАХИР": [41.97985609212716, 21.46452666710532],
  "РАМСТОРE ПАРК": [42.0064262, 21.4084264],
  "РАМСТОР ИСТ ГЕЈТ": [41.9990556, 21.4554092],
  "РАМСТОРE ГОРНО ЛИСИЧЕ": [41.9842429, 21.4836471],
  "РАМСТОРE КАПИТОЛ": [41.98604659999999, 21.4666215],
  "РАМСТОРE КАПИШТЕЦ": [41.9929886072402, 21.41689008321194],
  "РАМСТОРE ДЕБАР МААЛО": [42.00116260169484, 21.41698323219828],
  "РАМСТОРE ВОДНО": [41.9832567, 21.4214968],
  "РАМСТОРE АЕРОДРОМ": [41.98799670837665, 21.45584443104605],
  "РАМСТОРE СТАР АЕРОДРОМ": [41.9849705, 21.450969],
  "РАМСТОРE МИЧУРИН": [41.9860608, 21.4490951],
  "РАМСТОРE ТЕТОВО": [42.0043648, 20.9894396],
  "РАМСТОРE ТЕТОВО 3": [41.99386553928109, 20.961276284277464],
  "РАМСТОРE ТОПАНСКО ПОЛЕ": [42.01599569555006, 21.43554211052767],
  "РАМСТОРE СЕВЕР": [42.021900303285925, 21.43593054659442],
  "РАМСТОР ВЕЛЕС": [41.715945943119976, 21.784138561971712],
  "РАМСТОР ШТИП": [41.73686608271106, 22.191964360121496],
  "РАМСТОРE СТРУГА": [41.17672977604536, 20.66997167342699],
  "РАМСТОРE ОХРИД": [41.11305570834602, 20.79985251827117],
  "РАМСТОРE ОХРИД ЕКСПРЕСС": [41.11571379999999, 20.8133657],
  "РАМСТОРE ОХРИД ТУРИСТИЧКА": [41.1161859, 20.8048378],
  "РАМСТОРE КИЧЕВО": [41.51250027533248, 20.962742873633417],
  "РАМСТОРE КУМАНОВО": [42.1304142493989, 21.720802372123767],
  "РАМСТОРE СТРУМИЦА": [41.43946132166565, 22.638185265344013],
  "РАМСТОРE СТРУМИЦА БУЛЕВАР": [41.43802528238923, 22.646850305664884],
  "СТОКОМАК КИСЕЛА ВОДА": [41.9743411, 21.445180399999998],
  "СТОКОМАК КУМАНОВО 2": [42.1313327, 21.7038308],
  "СТОКОМАК КАРПОШ 2": [42.0030766, 21.4054327],
  "СТОКОМАК АВТОКОМАНДА": [42.0028418, 21.467309099999998],
  "СТОКОМАК БУТЕЛ": [42.0244344, 21.4367565],
  "СТОКОМАК АЕРОДРОМ 2": [41.9847213, 21.4555004],
  "СТОКОМАК ТАФТАЛИЏЕ": [42.0008594, 21.3898947],
  "СТОКОМАК МЛЕЧЕН": [41.9913984, 21.4346262],
  "СТОКОМАК ОХРИД 1": [41.111945399999996, 20.8103092],
  "СТОКОМАК КУМАНОВО 3": [42.1381331, 21.7253458],
  "СТОКОМАК АЕРОДРОМ 1": [41.9888125, 21.4484471],
  "СТОКОМАК КАРПОШ 4": [42.0002594, 21.3898947],
  "СТОКОМАК СИНГЕЛИЧ": [42.0040979, 21.5043341],
  "СТОКОМАК ЦЕНТАР": [41.9912854, 21.4348607],
  "СТОКОМАК КАПИШТЕЦ": [41.9902768, 21.4196256],
  "СТОКОМАК ЃОРЧЕ ПЕТРОВ 2": [42.0091695, 21.3597124],
  "СТОКОМАК ДРАЧЕВО": [41.9371463, 21.5143646],
  "СТОКОМАК КУМАНОВО 1": [42.134890299999995, 21.706593899999998],
  "СТОКОМАК ВОДЊАНСКА": [41.9910316, 21.4349187],
  "СТОКОМАК БУЊАКОВЕЦ": [41.9993686, 21.4213728],
  "СТОКОМАК НОВО ЛИСИЧЕ": [41.9820317, 21.4820305],
  "СТОКОМАК ХИПОДРОМ": [41.995813, 21.5097911],
  "СТОКОМАК РАСАДНИК": [41.9908281, 21.4347564],
  "СТОКОМАК НОВО ЛИСИЧЕ 2": [41.9797827, 21.4744146],
  "СТОКОМАК ТОПАНСКО ПОЛЕ": [42.00478, 21.3726471],
  "СТОКОМАК ЧАИР": [42.015946, 21.44294],
  "СТОКОМАК КОЗЛЕ": [41.9947941, 21.3950814],
  "СТОКОМАК МИЧУРИН": [42.015346, 21.44294],
  "СТОКОМАК ШТИП": [41.745893200000005, 22.195244300000002],
  "СТОКОМАК ГОРЧЕ ДЕКСИОН": [41.9908281, 21.434496],
  "СТОКОМАК ТЕТОВО": [42.0046089, 20.9753261],
  "СТОКОМАК СЕВЕР": [41.9910316, 21.4343337],
  "СТОКОМАК РАДИШАНИ": [42.0578358, 21.451538499999998],
  "СТОКОМАК ЧЕНТО 2": [42.0034979, 21.5043341],
  "СТОКОМАК ИЛИНДЕН": [41.987945, 21.586253499999998],
  "СТОКОМАК КУМАНОВО 4": [42.1308827, 21.7040906],
  "СТОКОМАК ПРИЛЕП": [41.3431935, 21.5563094],
  "СТОКОМАК КОЧАНИ": [41.9046757, 22.3952785],
  "СТОКОМАК ТЕТОВО 2": [42.0041589, 20.9755859],
  "СТОКОМАК ВЕЛЕС": [41.722110699999995, 21.769771499999997],
  "СТОКОМАК НЕГОТИНО": [41.489860199999995, 22.0952329],
  "СТОКОМАК ВЛАЕ": [42.00418, 21.3726471],
  "СТОКОМАК РЕСЕН": [41.085812399999995, 21.0151371],
  "СТОКОМАК ПРОБИШТИП": [41.9980908, 22.1819474],
  "СТОКОМАК ШТИП 2": [41.738714699999996, 22.1960864],
  "СТОКОМАК ГЕВГЕЛИЈА": [41.1463148, 22.5100908],
  "СТОКОМАК СТРУМИЦА": [41.4384933, 22.6470729],
  "СТОКОМАК ГОСТИВАР": [42.0122049, 21.511092599999998],
  "СТОКОМАК БИТОЛА": [41.0216579, 21.3282162],
  "СТОКОМАК ОХРИД 2": [41.1244684, 20.8068724],
  "СТОКОМАК РАДОВИШ": [41.6338481, 22.4640739],
  "СТОКОМАК БИТОЛА 2": [41.0239592, 21.3431686],
  "СТОКОМАК КИЧЕВО": [41.5113687, 20.9504855],
  "СТОКОМАК СТРУМИЦА 2": [41.4469863, 22.6481348],
  "СТОКОМАК КАВАДАРЦИ": [41.4481658, 22.021316499999998],
  "СТОКОМАК СТРУГА": [41.1772845, 20.689311],
  "СТОКОМАК ДЕЛЧЕВО": [41.9752788, 22.7695004],
  "СТОКОМАК ВИНИЦА": [41.8848719, 22.5048297],
  "СТОКОМАК ТЕТОВО 3": [42.0041589, 20.9750663],
  "СТОКОМАК КРИВА ПАЛАНКА": [42.2064683, 22.3316082],
  "СТОКОМАК ПРИЛЕП 2": [41.3425935, 21.5563094],
  "СТОКОМАК КИСЕЛА ВОДА 2": [41.981985699999996, 21.4405571],
  "СТОКОМАК ПЕТРОВЕЦ": [41.9411376, 21.6095246],
  "СТОКОМАК ВЕЛЕС 2": [41.7114907, 21.7624973],
  "СТОКОМАК НОВОСЕЛСКИ ПАТ": [41.9912854, 21.4343917],
  "СТОКОМАК СВЕТИ НИКОЛЕ": [41.8609346, 21.9386416],
  "СТОКОМАК БЕРОВО": [41.7175321, 22.855000999999998],
  "СТОКОМАК КРАТОВО": [42.0798345, 22.1622262],
  "СТОКОМАК ДЕБАР": [41.521117499999995, 20.5245614],
  "СТОКОМАК ШТИП 3": [41.755422800000005, 22.177884199999998],
  "СТОКОМАК ДРАЧЕВО 2": [41.9365463, 21.5143646],
  "СТОКОМАК ВЛАЕ 2 АЛЕКСАНДРИЈА": [42.0024766, 21.4054327],
  "СТОКОМАК ЧАИР 2": [42.0238344, 21.4367565],
  "СТОКОМАК СТРУГА 2": [41.1766845, 20.689311],
  "СТОКОМАК КУМАНОВО 5": [42.1308827, 21.703571],
  "СТОКОМАК КОЧАНИ 2": [41.9040757, 22.3952785],
  "СТОКОМАК МАРКЕТ МАЏАРИ": [41.995213, 21.5097911],
  "СТОКОМАК СТРУМИЦА 3": [41.4378933, 22.6470729]
}
